{"cameraMode":{"drawMode":0,"name":"Shaded","section":"Shading Mode"},"sceneLighting":true,"audioPlay":false,"sceneViewState":{"showFog":false,"showMaterialUpdate":false,"showSkybox":false,"showFlares":false,"showImageEffects":false,"showParticleSystems":false},"in2DMode":false,"pivot":{"x":2.4221019744873049,"y":-0.1222514659166336,"z":-1.1275148391723633},"rotation":{"x":0.007311142981052399,"y":0.351703405380249,"z":-0.0027466784231364729,"w":0.9360789060592651},"size":6.091531753540039,"orthographic":false}